Coordinate 1,Coordinate 2,Ellipsoid Dimensions,Tags,Description,Segment IDs,Parent ID,Type,ID
"(13093, 15030, 1)",,,,,,,Point,
"(11435, 12589, 2)",,,,,,,Point,
"(11527, 13288, 3)",,,,,,,Point,
"(12453, 13960, 4)",,,,,,,Point,
"(13648, 13505, 5)",,,,,,,Point,
"(13017, 15667, 6)",,,,,,,Point,
"(12897, 13099, 7)",,,,,,,Point,
"(11313, 13530, 8)",,,,,,,Point,
"(12555, 15563, 9)",,,,,,,Point,
"(12997, 13122, 10)",,,,,,,Point,
"(12649, 16269, 11)",,,,,,,Point,
"(11322, 13862, 12)",,,,,,,Point,
"(12504, 13496, 13)",,,,,,,Point,
"(12555, 14270, 14)",,,,,,,Point,
"(12870, 13403, 15)",,,,,,,Point,
"(11466, 13820, 16)",,,,,,,Point,
"(15427, 13411, 17)",,,,,,,Point,
"(14594, 14185, 18)",,,,,,,Point,
"(11642, 11736, 19)",,,,,,,Point,
"(12689, 14577, 20)",,,,,,,Point,
"(14322, 11395, 21)",,,,,,,Point,
"(13565, 12510, 22)",,,,,,,Point,
"(13386, 13216, 23)",,,,,,,Point,
"(11736, 12127, 24)",,,,,,,Point,
"(11472, 12484, 25)",,,,,,,Point,
"(11617, 12433, 26)",,,,,,,Point,
"(11438, 13182, 27)",,,,,,,Point,
"(13148, 13403, 28)",,,,,,,Point,
"(12927, 13726, 29)",,,,,,,Point,
"(10826, 17783, 30)",,,,,,,Point,
"(11898, 12858, 31)",,,,,,,Point,
"(12229, 15784, 32)",,,,,,,Point,
"(12272, 12765, 33)",,,,,,,Point,
"(9652, 12952, 34)",,,,,,,Point,
"(13548, 12952, 35)",,,,,,,Point,
"(12170, 11897, 36)",,,,,,,Point,
"(13377, 12186, 37)",,,,,,,Point,
"(10928, 12722, 38)",,,,,,,Point,
"(13046, 13250, 39)",,,,,,,Point,
"(10562, 13394, 40)",,,,,,,Point,
"(11549, 13896, 41)",,,,,,,Point,
"(13480, 13250, 42)",,,,,,,Point,
"(11923, 13615, 43)",,,,,,,Point,
"(12672, 13641, 44)",,,,,,,Point,
"(11217, 15155, 45)",,,,,,,Point,
"(12995, 15699, 46)",,,,,,,Point,
"(11251, 15172, 47)",,,,,,,Point,
"(13046, 15249, 48)",,,,,,,Point,
"(11192, 15929, 49)",,,,,,,Point,
"(8929, 16040, 50)",,,,,,,Point,
"(12493, 13445, 51)",,,,,,,Point,
"(12178, 14849, 52)",,,,,,,Point,
"(8657, 13649, 53)",,,,,,,Point,
"(10605, 16720, 54)",,,,,,,Point,
"(13913, 14075, 55)",,,,,,,Point,
"(11872, 13012, 56)",,,,,,,Point,
"(11829, 13318, 57)",,,,,,,Point,
"(11140, 13360, 58)",,,,,,,Point,
"(13275, 13233, 59)",,,,,,,Point,
"(13879, 12739, 60)",,,,,,,Point,
"(11192, 13292, 61)",,,,,,,Point,
"(13139, 12978, 62)",,,,,,,Point,
"(13607, 14279, 63)",,,,,,,Point,
"(13633, 13939, 64)",,,,,,,Point,
"(14160, 16065, 65)",,,,,,,Point,
"(13556, 13649, 66)",,,,,,,Point,
"(13080, 15989, 67)",,,,,,,Point,
"(13403, 13888, 68)",,,,,,,Point,
"(13020, 13905, 69)",,,,,,,Point,
"(12867, 14015, 70)",,,,,,,Point,
"(12850, 16822, 71)",,,,,,,Point,
"(13207, 14100, 72)",,,,,,,Point,
"(11812, 13947, 73)",,,,,,,Point,
"(13471, 14134, 74)",,,,,,,Point,
"(12901, 16609, 75)",,,,,,,Point,
"(10486, 13420, 76)",,,,,,,Point,
"(11515, 14398, 77)",,,,,,,Point,
"(12408, 15138, 78)",,,,,,,Point,
"(14475, 13479, 79)",,,,,,,Point,
"(13377, 13360, 80)",,,,,,,Point,
"(13207, 13173, 81)",,,,,,,Point,
"(13114, 13539, 82)",,,,,,,Point,
"(13403, 14228, 83)",,,,,,,Point,
"(13156, 13360, 84)",,,,,,,Point,
"(13599, 13735, 85)",,,,,,,Point,
"(12689, 13896, 86)",,,,,,,Point,
"(13258, 14372, 87)",,,,,,,Point,
"(12808, 12714, 88)",,,,,,,Point,
"(12672, 14296, 89)",,,,,,,Point,
"(12774, 13471, 90)",,,,,,,Point,
"(11591, 15903, 91)",,,,,,,Point,
"(12952, 13377, 92)",,,,,,,Point,
"(11370, 14432, 93)",,,,,,,Point,
"(13607, 13922, 94)",,,,,,,Point,
"(12221, 15665, 95)",,,,,,,Point,
"(13105, 14364, 96)",,,,,,,Point,
"(13539, 14619, 97)",,,,,,,Point,
"(12655, 7347, 98)",,,,,,,Point,
"(12535, 7593, 99)",,,,,,,Point,
"(10009, 7695, 100)",,,,,,,Point,
"(13284, 8487, 101)",,,,,,,Point,
"(10630, 8027, 102)",,,,,,,Point,
"(11710, 8589, 103)",,,,,,,Point,
"(12927, 7432, 104)",,,,,,,Point,
"(11115, 7806, 105)",,,,,,,Point,
"(12799, 6896, 106)",,,,,,,Point,
"(10851, 7262, 107)",,,,,,,Point,
"(12493, 7440, 108)",,,,,,,Point,
"(10902, 8027, 109)",,,,,,,Point,
"(12527, 8206, 110)",,,,,,,Point,
"(12569, 7636, 111)",,,,,,,Point,
"(9924, 8963, 112)",,,,,,,Point,
"(12331, 7525, 113)",,,,,,,Point,
"(9541, 7585, 114)",,,,,,,Point,
"(12680, 7185, 115)",,,,,,,Point,
"(13820, 7593, 116)",,,,,,,Point,
"(12017, 7636, 117)",,,,,,,Point,
"(12289, 8010, 118)",,,,,,,Point,
"(12008, 7840, 119)",,,,,,,Point,
"(12110, 7755, 120)",,,,,,,Point,
"(13012, 6853, 121)",,,,,,,Point,
"(11872, 7942, 122)",,,,,,,Point,
"(12680, 7151, 123)",,,,,,,Point,
"(12357, 7934, 124)",,,,,,,Point,
"(13029, 7219, 125)",,,,,,,Point,
"(11328, 7704, 126)",,,,,,,Point,
"(12340, 7338, 127)",,,,,,,Point,
"(12255, 7449, 128)",,,,,,,Point,
"(11863, 6955, 129)",,,,,,,Point,
"(12008, 7058, 130)",,,,,,,Point,
"(11455, 7177, 131)",,,,,,,Point,
"(11863, 7423, 132)",,,,,,,Point,
"(11455, 10494, 133)",,,,,,,Point,
"(11574, 7151, 134)",,,,,,,Point,
"(12178, 6802, 135)",,,,,,,Point,
"(12476, 7764, 136)",,,,,,,Point,
"(13241, 7194, 137)",,,,,,,Point,
"(11421, 12961, 138)",,,,,,,Point,
"(12612, 7364, 139)",,,,,,,Point,
"(11123, 8614, 140)",,,,,,,Point,
"(11898, 8367, 141)",,,,,,,Point,
"(12995, 7525, 142)",,,,,,,Point,
"(11438, 7976, 143)",,,,,,,Point,
"(13292, 7245, 144)",,,,,,,Point,
"(10647, 7866, 145)",,,,,,,Point,
"(11846, 7525, 146)",,,,,,,Point,
"(11625, 7908, 147)",,,,,,,Point,
"(10962, 7993, 148)",,,,,,,Point,
"(12740, 7432, 149)",,,,,,,Point,
"(8129, 7917, 150)",,,,,,,Point,
"(9890, 8776, 151)",,,,,,,Point,
"(11081, 9669, 152)",,,,,,,Point,
"(8886, 8342, 153)",,,,,,,Point,
"(12178, 7704, 154)",,,,,,,Point,
"(12034, 7712, 155)",,,,,,,Point,
"(12297, 6811, 156)",,,,,,,Point,
"(11574, 8155, 157)",,,,,,,Point,
"(12680, 7194, 158)",,,,,,,Point,
"(11038, 8121, 159)",,,,,,,Point,
"(12935, 7517, 160)",,,,,,,Point,
"(12569, 7338, 161)",,,,,,,Point,
"(10264, 7806, 162)",,,,,,,Point,
"(12034, 7525, 163)",,,,,,,Point,
"(9907, 8061, 164)",,,,,,,Point,
"(11719, 7304, 165)",,,,,,,Point,
"(9091, 7483, 166)",,,,,,,Point,
"(9533, 7508, 167)",,,,,,,Point,
"(13522, 7211, 168)",,,,,,,Point,
"(11438, 6904, 169)",,,,,,,Point,
"(12136, 7066, 170)",,,,,,,Point,
"(13054, 6666, 171)",,,,,,,Point,
"(11506, 6301, 172)",,,,,,,Point,
"(12799, 6471, 173)",,,,,,,Point,
"(12340, 7151, 174)",,,,,,,Point,
"(12382, 6683, 175)",,,,,,,Point,
"(12816, 7177, 176)",,,,,,,Point,
"(11600, 6973, 177)",,,,,,,Point,
"(12297, 6794, 178)",,,,,,,Point,
"(11047, 8350, 179)",,,,,,,Point,
"(9933, 9269, 180)",,,,,,,Point,
"(9984, 10341, 181)",,,,,,,Point,
"(9269, 10230, 182)",,,,,,,Point,
"(8453, 10137, 183)",,,,,,,Point,
"(9780, 10664, 184)",,,,,,,Point,
"(6046, 11940, 185)",,,,,,,Point,
"(11855, 12076, 186)",,,,,,,Point,
"(10409, 12374, 187)",,,,,,,Point,
"(10673, 12008, 188)",,,,,,,Point,
"(11021, 10570, 189)",,,,,,,Point,
"(11098, 10809, 190)",,,,,,,Point,
"(10902, 10775, 191)",,,,,,,Point,
"(9924, 10987, 192)",,,,,,,Point,
"(8742, 8376, 193)",,,,,,,Point,
"(7747, 6964, 194)",,,,,,,Point,
"(8912, 6539, 195)",,,,,,,Point,
"(9167, 6862, 196)",,,,,,,Point,
"(8827, 6973, 197)",,,,,,,Point,
"(8164, 6785, 198)",,,,,,,Point,
"(7228, 7253, 199)",,,,,,,Point,
"(9167, 6879, 200)",,,,,,,Point,
"(9414, 6887, 201)",,,,,,,Point,
"(9184, 6726, 202)",,,,,,,Point,
"(8852, 7211, 203)",,,,,,,Point,
"(8810, 6913, 204)",,,,,,,Point,
"(8801, 7338, 205)",,,,,,,Point,
"(9950, 10843, 206)",,,,,,,Point,
"(10239, 11761, 207)",,,,,,,Point,
"(10877, 10936, 208)",,,,,,,Point,
"(11140, 10621, 209)",,,,,,,Point,
"(10281, 10458, 210)",,,,,,,Point,
"(10379, 10413, 211)",,,,,,,Point,
"(10426, 10935, 212)",,,,,,,Point,
"(9924, 11420, 213)",,,,,,,Point,
"(10384, 11377, 214)",,,,,,,Point,
"(11991, 10782, 215)",,,,,,,Point,
"(10613, 10867, 216)",,,,,,,Point,
"(9397, 11317, 217)",,,,,,,Point,
"(10537, 11369, 218)",,,,,,,Point,
"(10809, 10237, 219)",,,,,,,Point,
"(11030, 10084, 220)",,,,,,,Point,
"(9499, 10892, 221)",,,,,,,Point,
"(9448, 10560, 222)",,,,,,,Point,
"(10647, 11079, 223)",,,,,,,Point,
"(12246, 11020, 224)",,,,,,,Point,
"(6616, 10297, 225)",,,,,,,Point,
"(10571, 9974, 226)",,,,,,,Point,
"(10103, 11105, 227)",,,,,,,Point,
"(10384, 10399, 228)",,,,,,,Point,
"(11268, 10858, 229)",,,,,,,Point,
"(10749, 10441, 230)",,,,,,,Point,
"(10111, 10850, 231)",,,,,,,Point,
"(10137, 10986, 232)",,,,,,,Point,
"(10766, 10663, 233)",,,,,,,Point,
"(12187, 11870, 234)",,,,,,,Point,
"(12170, 12040, 235)",,,,,,,Point,
"(12697, 11709, 236)",,,,,,,Point,
"(12433, 11369, 237)",,,,,,,Point,
"(12697, 10994, 238)",,,,,,,Point,
"(11370, 11760, 239)",,,,,,,Point,
"(12212, 11386, 240)",,,,,,,Point,
"(12850, 11751, 241)",,,,,,,Point,
"(12374, 11811, 242)",,,,,,,Point,
"(12093, 11360, 243)",,,,,,,Point,
"(12170, 11496, 244)",,,,,,,Point,
"(11319, 10824, 245)",,,,,,,Point,
"(11217, 11794, 246)",,,,,,,Point,
"(12442, 11479, 247)",,,,,,,Point,
"(11762, 12168, 248)",,,,,,,Point,
"(11413, 11386, 249)",,,,,,,Point,
"(11362, 11428, 250)",,,,,,,Point,
"(11481, 11947, 251)",,,,,,,Point,
"(11659, 11386, 252)",,,,,,,Point,
"(11617, 11394, 253)",,,,,,,Point,
"(11949, 11037, 254)",,,,,,,Point,
"(11600, 11317, 255)",,,,,,,Point,
"(11821, 11394, 256)",,,,,,,Point,
"(11005, 11411, 257)",,,,,,,Point,
"(11736, 11190, 258)",,,,,,,Point,
"(12706, 10892, 259)",,,,,,,Point,
"(12595, 11360, 260)",,,,,,,Point,
"(11634, 10365, 261)",,,,,,,Point,
"(12408, 12993, 262)",,,,,,,Point,
"(11056, 11581, 263)",,,,,,,Point,
"(10749, 11224, 264)",,,,,,,Point,
"(11302, 11122, 265)",,,,,,,Point,
"(10528, 11819, 266)",,,,,,,Point,
"(10503, 11760, 267)",,,,,,,Point,
"(10877, 11386, 268)",,,,,,,Point,
"(10111, 12100, 269)",,,,,,,Point,
"(11447, 11666, 270)",,,,,,,Point,
"(11472, 11428, 271)",,,,,,,Point,
"(9235, 12415, 272)",,,,,,,Point,
"(11192, 11938, 273)",,,,,,,Point,
"(12280, 11921, 274)",,,,,,,Point,
"(12161, 11751, 275)",,,,,,,Point,
"(11566, 12126, 276)",,,,,,,Point,
"(11047, 9965, 277)",,,,,,,Point,
"(11498, 12746, 278)",,,,,,,Point,
"(11796, 11462, 279)",,,,,,,Point,
"(11200, 11998, 280)",,,,,,,Point,
"(11753, 11811, 281)",,,,,,,Point,
"(11387, 11666, 282)",,,,,,,Point,
"(11336, 11249, 283)",,,,,,,Point,
"(11506, 11930, 284)",,,,,,,Point,
"(11013, 12006, 285)",,,,,,,Point,
"(11319, 11947, 286)",,,,,,,Point,
"(10741, 12036, 287)",,,,,,,Point,
"(10911, 11994, 288)",,,,,,,Point,
"(10783, 11968, 289)",,,,,,,Point,
"(11779, 11917, 290)",,,,,,,Point,
"(10077, 8472, 291)",,,,,,,Point,
"(7687, 8872, 292)",,,,,,,Point,
"(8912, 9221, 293)",,,,,,,Point,
"(9380, 9025, 294)",,,,,,,Point,
"(9261, 9416, 295)",,,,,,,Point,
"(8878, 9425, 296)",,,,,,,Point,
"(8495, 8881, 297)",,,,,,,Point,
"(9610, 9459, 298)",,,,,,,Point,
"(9278, 9595, 299)",,,,,,,Point,
"(9099, 8991, 300)",,,,,,,Point,
"(9252, 9323, 301)",,,,,,,Point,
"(9027, 9691, 302)",,,,,,,Point,
"(8831, 8772, 303)",,,,,,,Point,
"(8440, 9793, 304)",,,,,,,Point,
"(8669, 9231, 305)",,,,,,,Point,
"(10677, 9929, 306)",,,,,,,Point,
"(8712, 8789, 307)",,,,,,,Point,
"(11136, 9274, 308)",,,,,,,Point,
"(9129, 9155, 309)",,,,,,,Point,
"(8737, 9563, 310)",,,,,,,Point,
"(10405, 8330, 311)",,,,,,,Point,
"(10549, 10354, 312)",,,,,,,Point,
"(9375, 9240, 313)",,,,,,,Point,
"(9188, 9631, 314)",,,,,,,Point,
"(9180, 9486, 315)",,,,,,,Point,
"(9988, 10116, 316)",,,,,,,Point,
"(10107, 8678, 317)",,,,,,,Point,
"(8448, 8015, 318)",,,,,,,Point,
"(10821, 8772, 319)",,,,,,,Point,
"(9588, 9393, 320)",,,,,,,Point,
"(8840, 8925, 321)",,,,,,,Point,
"(11085, 9299, 322)",,,,,,,Point,
"(10932, 10073, 323)",,,,,,,Point,
"(9299, 10626, 324)",,,,,,,Point,
"(9835, 6943, 325)",,,,,,,Point,
"(10447, 8610, 326)",,,,,,,Point,
"(9860, 8602, 327)",,,,,,,Point,
"(9648, 8712, 328)",,,,,,,Point,
"(10098, 8134, 329)",,,,,,,Point,
"(10217, 9138, 330)",,,,,,,Point,
"(10362, 8764, 331)",,,,,,,Point,
"(11102, 9469, 332)",,,,,,,Point,
"(10098, 7947, 333)",,,,,,,Point,
"(9911, 8585, 334)",,,,,,,Point,
"(10285, 8092, 335)",,,,,,,Point,
"(9784, 8815, 336)",,,,,,,Point,
"(9911, 8670, 337)",,,,,,,Point,
"(10251, 8168, 338)",,,,,,,Point,
"(10081, 8440, 339)",,,,,,,Point,
"(10388, 8798, 340)",,,,,,,Point,
"(10311, 8883, 341)",,,,,,,Point,
"(10005, 8338, 342)",,,,,,,Point,
"(10660, 8517, 343)",,,,,,,Point,
"(9367, 9674, 344)",,,,,,,Point,
"(9894, 8908, 345)",,,,,,,Point,
"(10498, 8908, 346)",,,,,,,Point,
"(10005, 8781, 347)",,,,,,,Point,
"(11817, 9657, 348)",,,,,,,Point,
"(10719, 8576, 349)",,,,,,,Point,
"(9699, 9291, 350)",,,,,,,Point,
"(9188, 9197, 351)",,,,,,,Point,
"(9418, 9665, 352)",,,,,,,Point,
"(9818, 8781, 353)",,,,,,,Point,
"(9120, 9214, 354)",,,,,,,Point,
"(9537, 9155, 355)",,,,,,,Point,
"(9622, 6731, 356)",,,,,,,Point,
"(9741, 9682, 357)",,,,,,,Point,
"(10209, 9555, 358)",,,,,,,Point,
"(9673, 9316, 359)",,,,,,,Point,
"(10243, 9061, 360)",,,,,,,Point,
"(9724, 9121, 361)",,,,,,,Point,
"(10090, 8534, 362)",,,,,,,Point,
"(9358, 9163, 363)",,,,,,,Point,
"(12216, 7615, 364)",,,,,,,Point,
"(9903, 9861, 365)",,,,,,,Point,
"(9818, 7972, 366)",,,,,,,Point,
"(9750, 7692, 367)",,,,,,,Point,
"(9639, 7955, 368)",,,,,,,Point,
"(10115, 7411, 369)",,,,,,,Point,
"(10600, 7352, 370)",,,,,,,Point,
"(10056, 7522, 371)",,,,,,,Point,
"(9358, 7394, 372)",,,,,,,Point,
"(9775, 7513, 373)",,,,,,,Point,
"(10098, 7147, 374)",,,,,,,Point,
"(9486, 8687, 375)",,,,,,,Point,
"(10175, 8006, 376)",,,,,,,Point,
"(10192, 7726, 377)",,,,,,,Point,
"(10320, 7573, 378)",,,,,,,Point,
"(10081, 7437, 379)",,,,,,,Point,
"(10107, 7173, 380)",,,,,,,Point,
"(10294, 8117, 381)",,,,,,,Point,
"(10217, 7870, 382)",,,,,,,Point,
"(8737, 7862, 383)",,,,,,,Point,
"(9648, 7207, 384)",,,,,,,Point,
"(9690, 8993, 385)",,,,,,,Point,
"(10192, 8279, 386)",,,,,,,Point,
"(10677, 7581, 387)",,,,,,,Point,
"(10320, 7420, 388)",,,,,,,Point,
"(10362, 8049, 389)",,,,,,,Point,
"(10345, 7590, 390)",,,,,,,Point,
"(9699, 7207, 391)",,,,,,,Point,
"(9477, 8857, 392)",,,,,,,Point,
"(8210, 7904, 393)",,,,,,,Point,
"(7912, 7573, 394)",,,,,,,Point,
"(9716, 7785, 395)",,,,,,,Point,
"(9443, 7190, 396)",,,,,,,Point,
"(9503, 8934, 397)",,,,,,,Point,
"(10005, 8372, 398)",,,,,,,Point,
"(10396, 7836, 399)",,,,,,,Point,
"(10371, 7445, 400)",,,,,,,Point,
"(9290, 7921, 401)",,,,,,,Point,
"(9690, 7590, 402)",,,,,,,Point,
"(9580, 7181, 403)",,,,,,,Point,
"(9494, 9044, 404)",,,,,,,Point,
"(9801, 8585, 405)",,,,,,,Point,
"(9843, 7870, 406)",,,,,,,Point,
"(9988, 7649, 407)",,,,,,,Point,
"(9903, 6884, 408)",,,,,,,Point,
"(9894, 7479, 409)",,,,,,,Point,
"(8993, 8092, 410)",,,,,,,Point,
"(11034, 10584, 411)",,,,,,,Point,
"(11357, 10881, 412)",,,,,,,Point,
"(11272, 10881, 413)",,,,,,,Point,
"(11264, 11069, 414)",,,,,,,Point,
"(10294, 10150, 415)",,,,,,,Point,
"(10124, 10192, 416)",,,,,,,Point,
"(10234, 10660, 417)",,,,,,,Point,
"(10371, 10090, 418)",,,,,,,Point,
"(10549, 10592, 419)",,,,,,,Point,
"(10328, 10592, 420)",,,,,,,Point,
"(10337, 11077, 421)",,,,,,,Point,
"(10617, 11035, 422)",,,,,,,Point,
"(9792, 11332, 423)",,,,,,,Point,
"(10524, 10822, 424)",,,,,,,Point,
"(9256, 11281, 425)",,,,,,,Point,
"(10141, 9512, 426)",,,,,,,Point,
"(9962, 9623, 427)",,,,,,,Point,
"(9920, 10346, 428)",,,,,,,Point,
"(10098, 10320, 429)",,,,,,,Point,
"(9801, 10958, 430)",,,,,,,Point,
"(9809, 11145, 431)",,,,,,,Point,
"(8499, 10618, 432)",,,,,,,Point,
"(10226, 10584, 433)",,,,,,,Point,
"(10515, 10898, 434)",,,,,,,Point,
"(10719, 11298, 435)",,,,,,,Point,
"(10243, 10150, 436)",,,,,,,Point,
"(9869, 10890, 437)",,,,,,,Point,
"(10132, 11205, 438)",,,,,,,Point,
"(10702, 11460, 439)",,,,,,,Point,
"(10447, 11596, 440)",,,,,,,Point,
"(10702, 12991, 441)",,,,,,,Point,
"(10541, 11043, 442)",,,,,,,Point,
"(9716, 10337, 443)",,,,,,,Point,
"(10013, 10133, 444)",,,,,,,Point,
"(9494, 10805, 445)",,,,,,,Point,
"(9937, 10915, 446)",,,,,,,Point,
"(9426, 10261, 447)",,,,,,,Point,
"(10396, 9716, 448)",,,,,,,Point,
"(10643, 10014, 449)",,,,,,,Point,
"(10541, 10686, 450)",,,,,,,Point,
"(10694, 11018, 451)",,,,,,,Point,
"(9112, 10728, 452)",,,,,,,Point,
"(11238, 11205, 453)",,,,,,,Point,
"(10047, 9988, 454)",,,,,,,Point,
"(10413, 10397, 455)",,,,,,,Point,
"(10464, 10397, 456)",,,,,,,Point,
"(10051, 10458, 457)",,,,,,,Point,
"(10859, 11913, 458)",,,,,,,Point,
"(9353, 8621, 459)",,,,,,,Point,
"(10442, 8085, 460)",,,,,,,Point,
"(10425, 11683, 461)",,,,,,,Point,
"(10910, 10952, 462)",,,,,,,Point,
"(10442, 9574, 463)",,,,,,,Point,
"(10306, 10679, 464)",,,,,,,Point,
"(10510, 11062, 465)",,,,,,,Point,
"(10485, 10901, 466)",,,,,,,Point,
"(10323, 10756, 467)",,,,,,,Point,
"(10417, 10850, 468)",,,,,,,Point,
"(10263, 8766, 469)",,,,,,,Point,
"(12118, 10586, 470)",,,,,,,Point,
"(10986, 8970, 471)",,,,,,,Point,
"(11208, 8383, 472)",,,,,,,Point,
"(11497, 8596, 473)",,,,,,,Point,
"(10816, 7847, 474)",,,,,,,Point,
"(10757, 8128, 475)",,,,,,,Point,
"(10944, 8009, 476)",,,,,,,Point,
"(10748, 7498, 477)",,,,,,,Point,
"(11242, 9046, 478)",,,,,,,Point,
"(11114, 10492, 479)",,,,,,,Point,
"(11225, 7600, 480)",,,,,,,Point,
"(11054, 7362, 481)",,,,,,,Point,
"(11471, 6809, 482)",,,,,,,Point,
"(11216, 7626, 483)",,,,,,,Point,
"(11514, 7235, 484)",,,,,,,Point,
"(11123, 8230, 485)",,,,,,,Point,
"(11216, 7413, 486)",,,,,,,Point,
"(11505, 7226, 487)",,,,,,,Point,
"(11267, 7413, 488)",,,,,,,Point,
"(11046, 7524, 489)",,,,,,,Point,
"(10782, 7371, 490)",,,,,,,Point,
"(10782, 7524, 492)",,,,,,,Point,
"(11233, 7413, 491)",,,,,,,Point,
"(10570, 9523, 493)",,,,,,,Point,
"(11369, 9412, 494)",,,,,,,Point,
"(11403, 8111, 495)",,,,,,,Point,
"(10646, 8102, 496)",,,,,,,Point,
"(11152, 8119, 497)",,,,,,,Point,
"(11263, 8638, 498)",,,,,,,Point,
"(11433, 8374, 499)",,,,,,,Point,
"(11331, 8995, 500)",,,,,,,Point,
"(11152, 8119, 501)",,,,,,,Point,
"(11263, 8238, 502)",,,,,,,Point,
"(11169, 8383, 503)",,,,,,,Point,
"(11416, 8145, 504)",,,,,,,Point,
"(11237, 8238, 505)",,,,,,,Point,
"(10940, 8315, 506)",,,,,,,Point,
"(11407, 8170, 507)",,,,,,,Point,
"(11059, 8264, 508)",,,,,,,Point,
"(11731, 10850, 509)",,,,,,,Point,
"(12539, 11190, 510)",,,,,,,Point,
"(10565, 11156, 511)",,,,,,,Point,
"(11101, 10407, 512)",,,,,,,Point,
"(13075, 9744, 513)",,,,,,,Point,
"(10548, 11147, 514)",,,,,,,Point,
"(13143, 10696, 515)",,,,,,,Point,
"(12794, 10501, 516)",,,,,,,Point,
"(10642, 10688, 517)",,,,,,,Point,
"(12513, 10135, 518)",,,,,,,Point,
"(12794, 10050, 519)",,,,,,,Point,
"(13440, 10535, 520)",,,,,,,Point,
"(11433, 10850, 521)",,,,,,,Point,
"(12768, 10373, 522)",,,,,,,Point,
"(13168, 10135, 523)",,,,,,,Point,
"(13270, 10399, 524)",,,,,,,Point,
"(13177, 10093, 525)",,,,,,,Point,
"(12853, 10050, 526)",,,,,,,Point,
"(11271, 10110, 527)",,,,,,,Point,
"(10753, 10688, 528)",,,,,,,Point,
"(12887, 10348, 529)",,,,,,,Point,
"(13134, 10535, 530)",,,,,,,Point,
"(10829, 9667, 531)",,,,,,,Point,
"(12760, 9888, 532)",,,,,,,Point,
"(12675, 10254, 533)",,,,,,,Point,
"(12845, 9735, 534)",,,,,,,Point,
"(12845, 10093, 535)",,,,,,,Point,
"(11042, 9888, 536)",,,,,,,Point,
"(13228, 10314, 537)",,,,,,,Point,
"(12088, 10620, 538)",,,,,,,Point,
"(13381, 9812, 539)",,,,,,,Point,
"(13100, 9795, 540)",,,,,,,Point,
"(10889, 9854, 541)",,,,,,,Point,
"(10378, 10212, 542)",,,,,,,Point,
"(13934, 9905, 543)",,,,,,,Point,
"(11450, 9693, 544)",,,,,,,Point,
"(13398, 9735, 545)",,,,,,,Point,
"(14776, 11819, 546)",,,,,,,Point,
"(12462, 10748, 547)",,,,,,,Point,
"(11339, 10739, 548)",,,,,,,Point,
"(12326, 11088, 549)",,,,,,,Point,
"(9579, 11368, 550)",,,,,,,Point,
"(10846, 10841, 551)",,,,,,,Point,
"(13092, 10714, 552)",,,,,,,Point,
"(11952, 10390, 553)",,,,,,,Point,
"(12164, 10076, 554)",,,,,,,Point,
"(11612, 10263, 555)",,,,,,,Point,
"(11059, 10918, 556)",,,,,,,Point,
"(8481, 11590, 557)",,,,,,,Point,
"(12164, 8732, 558)",,,,,,,Point,
"(12164, 12797, 559)",,,,,,,Point,
"(11918, 13002, 560)",,,,,,,Point,
"(12071, 13095, 561)",,,,,,,Point,
"(10497, 13350, 562)",,,,,,,Point,
"(11926, 12840, 563)",,,,,,,Point,
"(12105, 12483, 564)",,,,,,,Point,
"(13457, 12627, 565)",,,,,,,Point,
"(12973, 12976, 566)",,,,,,,Point,
"(13551, 11802, 567)",,,,,,,Point,
"(12760, 12534, 568)",,,,,,,Point,
"(11382, 13180, 569)",,,,,,,Point,
"(11807, 12474, 570)",,,,,,,Point,
"(11161, 12738, 571)",,,,,,,Point,
"(10855, 12432, 572)",,,,,,,Point,
"(10251, 11964, 573)",,,,,,,Point,
"(11875, 12670, 574)",,,,,,,Point,
"(11458, 12304, 575)",,,,,,,Point,
"(13032, 12916, 576)",,,,,,,Point,
"(12743, 11964, 577)",,,,,,,Point,
"(14572, 11505, 578)",,,,,,,Point,
"(13602, 11794, 579)",,,,,,,Point,
"(13109, 12687, 580)",,,,,,,Point,
"(12998, 12814, 581)",,,,,,,Point,
"(12743, 12874, 582)",,,,,,,Point,
"(13160, 11998, 583)",,,,,,,Point,
"(11569, 12406, 584)",,,,,,,Point,
"(13253, 12695, 585)",,,,,,,Point,
"(10353, 12627, 586)",,,,,,,Point,
"(11841, 12338, 587)",,,,,,,Point,
"(14376, 11853, 588)",,,,,,,Point,
"(13704, 11488, 589)",,,,,,,Point,
"(11748, 11649, 590)",,,,,,,Point,
"(13347, 12406, 591)",,,,,,,Point,
"(13100, 11394, 592)",,,,,,,Point,
"(15175, 12040, 593)",,,,,,,Point,
"(14070, 11862, 594)",,,,,,,Point,
"(13542, 12083, 595)",,,,,,,Point,
"(13185, 12253, 596)",,,,,,,Point,
"(13253, 11853, 597)",,,,,,,Point,
"(13508, 11972, 598)",,,,,,,Point,
"(11493, 12117, 599)",,,,,,,Point,
"(13270, 11930, 600)",,,,,,,Point,
"(13704, 12440, 601)",,,,,,,Point,
"(12573, 11955, 602)",,,,,,,Point,
"(13432, 11879, 603)",,,,,,,Point,
"(11535, 11709, 604)",,,,,,,Point,
"(13126, 11658, 605)",,,,,,,Point,
"(13500, 11955, 606)",,,,,,,Point,
"(10889, 11862, 607)",,,,,,,Point,
"(14852, 11334, 608)",,,,,,,Point,
"(15932, 10399, 609)",,,,,,,Point,
"(12870, 10535, 610)",,,,,,,Point,
"(14308, 11947, 611)",,,,,,,Point,
"(12675, 11981, 612)",,,,,,,Point,
"(11118, 13197, 613)",,,,,,,Point,
"(13593, 12593, 614)",,,,,,,Point,
"(11909, 11904, 615)",,,,,,,Point,
"(13032, 12576, 616)",,,,,,,Point,
"(12879, 12032, 617)",,,,,,,Point,
"(14716, 12057, 618)",,,,,,,Point,
"(14427, 11989, 619)",,,,,,,Point,
"(13942, 13019, 620)",,,,,,,Point,
"(13321, 12032, 621)",,,,,,,Point,
"(13857, 11845, 622)",,,,,,,Point,
"(13202, 11624, 623)",,,,,,,Point,
"(12709, 11751, 624)",,,,,,,Point,
"(12215, 11717, 625)",,,,,,,Point,
"(12292, 10875, 626)",,,,,,,Point,
"(12488, 11394, 627)",,,,,,,Point,
"(12479, 11122, 628)",,,,,,,Point,
"(12479, 11368, 629)",,,,,,,Point,
"(11952, 10714, 630)",,,,,,,Point,
"(12105, 11283, 631)",,,,,,,Point,
"(12292, 11173, 632)",,,,,,,Point,
"(12564, 11198, 633)",,,,,,,Point,
"(12530, 11539, 634)",,,,,,,Point,
"(12079, 10960, 635)",,,,,,,Point,
"(12198, 10679, 636)",,,,,,,Point,
"(12394, 10884, 637)",,,,,,,Point,
"(11969, 11454, 638)",,,,,,,Point,
"(11952, 11658, 639)",,,,,,,Point,
"(12445, 10714, 640)",,,,,,,Point,
"(12105, 10833, 641)",,,,,,,Point,
"(12190, 11360, 642)",,,,,,,Point,
"(11977, 11862, 643)",,,,,,,Point,
"(13168, 10220, 644)",,,,,,,Point,
"(12096, 10756, 645)",,,,,,,Point,
"(12496, 10875, 646)",,,,,,,Point,
"(12198, 11207, 648)",,,,,,,Point,
"(11731, 10662, 649)",,,,,,,Point,
"(12190, 10850, 647)",,,,,,,Point,
"(12173, 10935, 650)",,,,,,,Point,
"(12360, 11309, 651)",,,,,,,Point,
"(11816, 11368, 652)",,,,,,,Point,
"(12224, 10433, 653)",,,,,,,Point,
"(12241, 10833, 654)",,,,,,,Point,
"(11756, 10918, 655)",,,,,,,Point,
"(12122, 10833, 656)",,,,,,,Point,
"(12683, 11547, 657)",,,,,,,Point,
"(13177, 10645, 658)",,,,,,,Point,
"(11399, 11828, 659)",,,,,,,Point,
"(12845, 10875, 660)",,,,,,,Point,
"(12207, 11377, 661)",,,,,,,Point,
"(12343, 11309, 662)",,,,,,,Point,
"(12062, 11836, 663)",,,,,,,Point,
"(12156, 11054, 664)",,,,,,,Point,
"(12556, 10969, 665)",,,,,,,Point,
"(12267, 11241, 666)",,,,,,,Point,
"(12743, 11530, 667)",,,,,,,Point,
"(12726, 11198, 668)",,,,,,,Point,
"(11884, 11377, 669)",,,,,,,Point,
"(12105, 11539, 670)",,,,,,,Point,
"(12819, 11020, 671)",,,,,,,Point,
"(13627, 10799, 672)",,,,,,,Point,
"(13730, 11139, 673)",,,,,,,Point,
"(14223, 10467, 674)",,,,,,,Point,
"(14027, 10271, 675)",,,,,,,Point,
"(13517, 10475, 676)",,,,,,,Point,
"(13389, 10042, 677)",,,,,,,Point,
"(13066, 10654, 678)",,,,,,,Point,
"(13160, 10169, 679)",,,,,,,Point,
"(13049, 10339, 680)",,,,,,,Point,
"(13041, 10705, 681)",,,,,,,Point,
"(12955, 10161, 682)",,,,,,,Point,
"(12964, 10288, 683)",,,,,,,Point,
"(13211, 10611, 684)",,,,,,,Point,
"(12853, 10339, 685)",,,,,,,Point,
"(12887, 9922, 686)",,,,,,,Point,
"(12598, 10977, 687)",,,,,,,Point,
"(11544, 10552, 688)",,,,,,,Point,
"(16502, 5491, 689)",,,,,,,Point,
"(13712, 10314, 690)",,,,,,,Point,
"(13313, 10339, 691)",,,,,,,Point,
"(13985, 10611, 692)",,,,,,,Point,
"(13330, 10127, 693)",,,,,,,Point,
"(13602, 10569, 694)",,,,,,,Point,
"(13781, 10816, 695)",,,,,,,Point,
"(13636, 10492, 696)",,,,,,,Point,
"(13772, 10577, 697)",,,,,,,Point,
"(13857, 10110, 698)",,,,,,,Point,
"(13900, 10535, 699)",,,,,,,Point,
"(13636, 10433, 700)",,,,,,,Point,
"(13568, 10569, 701)",,,,,,,Point,
"(13968, 10526, 702)",,,,,,,Point,
"(14027, 10271, 703)",,,,,,,Point,
"(14044, 10901, 704)",,,,,,,Point,
"(14163, 10433, 705)",,,,,,,Point,
"(14478, 10654, 706)",,,,,,,Point,
"(16792, 11190, 707)",,,,,,,Point,
"(12955, 10986, 708)",,,,,,,Point,
"(13559, 10611, 709)",,,,,,,Point,
"(13338, 10356, 710)",,,,,,,Point,
"(13262, 10884, 711)",,,,,,,Point,
"(13925, 10399, 712)",,,,,,,Point,
"(14078, 10169, 713)",,,,,,,Point,
"(13534, 10884, 714)",,,,,,,Point,
"(13296, 10526, 715)",,,,,,,Point,
"(13245, 10212, 716)",,,,,,,Point,
"(13440, 10577, 717)",,,,,,,Point,
"(12547, 10662, 718)",,,,,,,Point,
"(13466, 10084, 719)",,,,,,,Point,
"(13585, 10824, 720)",,,,,,,Point,
"(14010, 10552, 721)",,,,,,,Point,
"(14342, 9735, 722)",,,,,,,Point,
"(12117, 11983, 0)",,,,,,,Point,